use dockdb;

-- Data de tiendas
INSERT INTO tiendas (id, nombre, direccion, telefono) VALUES
(1, 'Tienda A', 'Calle Principal 123', '1234567890'),
(2, 'Tienda B', 'Avenida Central 456', '9876543210'),
(3, 'Tienda C', 'Calle Secundaria 789', '5551234567'),
(4, 'Tienda D', 'Avenida Norte 321', '8889990000'),
(5, 'Tienda E', 'Calle Sur 987', '4445556666'),
(6, 'Tienda F', 'Avenida Oeste 654', '1112223333'),
(7, 'Tienda G', 'Calle Este 234', '7778889999'),
(8, 'Tienda H', 'Avenida Principal 567', '3334445555'),
(9, 'Tienda I', 'Calle Central 876', '2223334444'),
(10, 'Tienda J', 'Avenida Secundaria 432', '6667778888');

-- Data de clientes
INSERT INTO clientes (id, nombre, direccion, telefono) VALUES
(1, 'Juan Pérez', 'Calle Principal 123', '1234567890'),
(2, 'María Gómez', 'Avenida Central 456', '9876543210'),
(3, 'Pedro Rodríguez', 'Calle Secundaria 789', '5551234567'),
(4, 'Laura López', 'Avenida Norte 321', '8889990000'),
(5, 'Carlos Hernández', 'Calle Sur 987', '4445556666'),
(6, 'Ana Martínez', 'Avenida Oeste 654', '1112223333'),
(7, 'Luis Sánchez', 'Calle Este 234', '7778889999'),
(8, 'Sofía Ramírez', 'Avenida Principal 567', '3334445555'),
(9, 'Diego Torres', 'Calle Central 876', '2223334444'),
(10, 'Carolina Castro', 'Avenida Secundaria 432', '6667778888'),
(11, 'José Navarro', 'Calle Principal 111', '1112223333'),
(12, 'Fernanda Herrera', 'Avenida Central 222', '2223334444'),
(13, 'Andrés Jiménez', 'Calle Secundaria 333', '3334445555'),
(14, 'Valeria Medina', 'Avenida Norte 444', '4445556666'),
(15, 'Ricardo Vargas', 'Calle Sur 555', '5556667777'),
(16, 'Isabel Morales', 'Avenida Oeste 666', '6667778888'),
(17, 'Eduardo Silva', 'Calle Este 777', '7778889999'),
(18, 'Mariana Paredes', 'Avenida Principal 888', '8889990000'),
(19, 'Gabriel Ríos', 'Calle Central 999', '9990001111'),
(20, 'Paula Aguilar', 'Avenida Secundaria 000', '0001112222'),
(21, 'Roberto Castro', 'Calle Principal 555', '5556667777'),
(22, 'Natalia Ortiz', 'Avenida Central 666', '6667778888'),
(23, 'Hugo Mendoza', 'Calle Secundaria 777', '7778889999'),
(24, 'Camila Rojas', 'Avenida Norte 888', '8889990000'),
(25, 'Alejandro Torres', 'Calle Sur 999', '9990001111'),
(26, 'Marina Ramos', 'Avenida Oeste 000', '0001112222'),
(27, 'Raúl Montes', 'Calle Este 111', '1112223333'),
(28, 'Patricia León', 'Avenida Principal 222', '2223334444'),
(29, 'Héctor Soto', 'Calle Central 333', '3334445555'),
(30, 'Gabriela Varela', 'Avenida Secundaria 444', '4445556666');

-- Data de categorias
INSERT INTO categorias (id, nombre) VALUES
(1, 'Componentes de PC'),
(2, 'Periféricos'),
(3, 'Almacenamiento'),
(4, 'Accesorios'),
(5, 'Software');

-- Data de productos
INSERT INTO productos (id, nombre, marca, precio, categoria_id) VALUES
(1, 'Tarjeta gráfica GTX 1080', 'Nvidia', 499.99, 1),
(2, 'Monitor LED 27 pulgadas', 'Samsung', 299.99, 2),
(3, 'Disco duro SSD 1TB', 'Crucial', 129.99, 3),
(4, 'Teclado mecánico RGB', 'Logitech', 89.99, 4),
(5, 'Software de edición de video', 'Adobe', 299.99, 5),
(6, 'Procesador Intel Core i7', 'Intel', 399.99, 1),
(7, 'Ratón gaming inalámbrico', 'Razer', 79.99, 2),
(8, 'Disco duro externo 2TB', 'Western Digital', 99.99, 3),
(9, 'Auriculares con cancelación de ruido', 'Sony', 199.99, 4),
(10, 'Licencia de antivirus', 'McAfee', 49.99, 5),
(11, 'Tarjeta gráfica RTX 2080', 'Nvidia', 699.99, 1),
(12, 'Monitor LED 24 pulgadas', 'LG', 199.99, 2),
(13, 'Disco duro SSD 500GB', 'Samsung', 79.99, 3),
(14, 'Teclado inalámbrico', 'Microsoft', 49.99, 4),
(15, 'Software de diseño gráfico', 'Corel', 249.99, 5),
(16, 'Procesador AMD Ryzen 7', 'AMD', 349.99, 1),
(17, 'Ratón óptico USB', 'Microsoft', 19.99, 2),
(18, 'Disco duro externo 4TB', 'Seagate', 149.99, 3),
(19, 'Altavoces Bluetooth', 'JBL', 79.99, 4),
(20, 'Licencia de Microsoft Office', 'Microsoft', 149.99, 5),
(21, 'Tarjeta gráfica GTX 1060', 'Nvidia', 299.99, 1),
(22, 'Monitor curvo 34 pulgadas', 'Dell', 499.99, 2),
(23, 'Disco duro SSD 250GB', 'Kingston', 59.99, 3),
(24, 'Webcam HD', 'Logitech', 69.99, 4),
(25, 'Software de edición de música', 'Ableton', 199.99, 5),
(26, 'Procesador Intel Core i5', 'Intel', 249.99, 1),
(27, 'Teclado gaming mecánico', 'Corsair', 119.99, 2),
(28, 'Disco duro externo 1TB', 'Toshiba', 79.99, 3),
(29, 'Auriculares inalámbricos', 'Bose', 149.99, 4),
(30, 'Licencia de software antivirus', 'Avast', 39.99, 5),
(31, 'Tarjeta gráfica GTX 1660', 'Nvidia', 349.99, 1),
(32, 'Monitor LED 32 pulgadas', 'BenQ', 399.99, 2),
(33, 'Disco duro SSD 2TB', 'Samsung', 249.99, 3),
(34, 'Teclado ergonómico', 'Microsoft', 69.99, 4),
(35, 'Software de diseño arquitectónico', 'Autodesk', 499.99, 5),
(36, 'Procesador AMD Ryzen 5', 'AMD', 199.99, 1),
(37, 'Ratón ergonómico', 'Logitech', 39.99, 2),
(38, 'Disco duro externo 5TB', 'Western Digital', 199.99, 3),
(39, 'Altavoces USB', 'Creative', 49.99, 4),
(40, 'Licencia de software de edición de video', 'Final Cut Pro', 299.99, 5),
(41, 'Tarjeta gráfica RTX 3060', 'Nvidia', 799.99, 1),
(42, 'Monitor LED 21.5 pulgadas', 'HP', 149.99, 2),
(43, 'Disco duro SSD 1.5TB', 'Crucial', 179.99, 3),
(44, 'Teclado numérico', 'Logitech', 19.99, 4),
(45, 'Software de diseño web', 'Adobe', 199.99, 5),
(46, 'Procesador Intel Core i9', 'Intel', 699.99, 1),
(47, 'Ratón gaming con cable', 'Razer', 59.99, 2),
(48, 'Disco duro externo 3TB', 'Seagate', 129.99, 3),
(49, 'Auriculares con micrófono', 'HyperX', 99.99, 4),
(50, 'Licencia de software de seguridad', 'Bitdefender', 59.99, 5),
(51, 'Tarjeta gráfica GTX 1050', 'Nvidia', 199.99, 1),
(52, 'Monitor LED 23 pulgadas', 'Acer', 179.99, 2),
(53, 'Disco duro SSD 500GB', 'Western Digital', 79.99, 3),
(54, 'Teclado inalámbrico retroiluminado', 'Rii', 29.99, 4),
(55, 'Software de diseño gráfico', 'Adobe', 249.99, 5),
(56, 'Procesador AMD Ryzen 7', 'AMD', 349.99, 1),
(57, 'Ratón óptico USB', 'Logitech', 19.99, 2),
(58, 'Disco duro externo 4TB', 'Toshiba', 149.99, 3),
(59, 'Altavoces Bluetooth portátiles', 'JBL', 79.99, 4),
(60, 'Licencia de software de productividad', 'Microsoft', 149.99, 5),
(61, 'Tarjeta gráfica RTX 2080', 'Nvidia', 699.99, 1),
(62, 'Monitor LED 24 pulgadas', 'LG', 199.99, 2),
(63, 'Disco duro SSD 250GB', 'Kingston', 59.99, 3),
(64, 'Webcam HD', 'Logitech', 69.99, 4),
(65, 'Software de edición de música', 'Ableton', 199.99, 5),
(66, 'Procesador Intel Core i5', 'Intel', 249.99, 1),
(67, 'Teclado gaming mecánico', 'Corsair', 119.99, 2),
(68, 'Disco duro externo 1TB', 'Toshiba', 79.99, 3),
(69, 'Auriculares inalámbricos', 'Bose', 149.99, 4),
(70, 'Licencia de software de diseño 3D', 'Autodesk', 499.99, 5),
(71, 'Tarjeta gráfica GTX 1060', 'Nvidia', 299.99, 1),
(72, 'Monitor curvo 34 pulgadas', 'Dell', 499.99, 2),
(73, 'Disco duro SSD 500GB', 'Samsung', 79.99, 3),
(74, 'Teclado inalámbrico', 'Microsoft', 49.99, 4),
(75, 'Software de edición de video', 'Adobe', 299.99, 5),
(76, 'Procesador AMD Ryzen 5', 'AMD', 199.99, 1),
(77, 'Ratón óptico USB', 'Microsoft', 19.99, 2),
(78, 'Disco duro externo 4TB', 'Seagate', 149.99, 3),
(79, 'Altavoces Bluetooth', 'JBL', 79.99, 4),
(80, 'Licencia de Microsoft Office', 'Microsoft', 149.99, 5),
(81, 'Tarjeta gráfica GTX 1660', 'Nvidia', 349.99, 1),
(82, 'Monitor LED 32 pulgadas', 'BenQ', 399.99, 2),
(83, 'Disco duro SSD 2TB', 'Samsung', 249.99, 3),
(84, 'Teclado ergonómico', 'Microsoft', 69.99, 4),
(85, 'Software de diseño arquitectónico', 'Autodesk', 499.99, 5),
(86, 'Procesador AMD Ryzen 7', 'AMD', 349.99, 1),
(87, 'Ratón ergonómico', 'Logitech', 39.99, 2),
(88, 'Disco duro externo 5TB', 'Western Digital', 199.99, 3),
(89, 'Altavoces USB', 'Creative', 49.99, 4),
(90, 'Licencia de software de edición de imágenes', 'Adobe', 99.99, 5),
(91, 'Tarjeta gráfica RTX 3060', 'Nvidia', 799.99, 1),
(92, 'Monitor LED 21.5 pulgadas', 'HP', 149.99, 2),
(93, 'Disco duro SSD 1.5TB', 'Crucial', 179.99, 3),
(94, 'Teclado numérico', 'Logitech', 19.99, 4),
(95, 'Software de diseño web', 'Adobe', 199.99, 5),
(96, 'Procesador Intel Core i9', 'Intel', 699.99, 1),
(97, 'Ratón gaming con cable', 'Razer', 59.99, 2),
(98, 'Disco duro externo 3TB', 'Seagate', 129.99, 3),
(99, 'Auriculares con micrófono', 'HyperX', 99.99, 4),
(100, 'Licencia de software de seguridad', 'Bitdefender', 59.99, 5);

-- Data de proveedores
INSERT INTO proveedores (id, nombre, direccion, telefono) VALUES
(1, 'Proveedor A', 'Calle Principal 123', '1234567890'),
(2, 'Proveedor B', 'Avenida Central 456', '9876543210'),
(3, 'Proveedor C', 'Calle Secundaria 789', '5551234567'),
(4, 'Proveedor D', 'Avenida Norte 321', '8889990000'),
(5, 'Proveedor E', 'Calle Sur 987', '4445556666'),
(6, 'Proveedor F', 'Avenida Oeste 654', '1112223333'),
(7, 'Proveedor G', 'Calle Este 234', '7778889999'),
(8, 'Proveedor H', 'Avenida Principal 567', '3334445555'),
(9, 'Proveedor I', 'Calle Central 876', '2223334444'),
(10, 'Proveedor J', 'Avenida Secundaria 432', '6667778888');

-- Data de inventarios
INSERT INTO inventarios (id, stock, tienda_id, producto_id) VALUES
(1, 10, 1, 5),
(2, 5, 2, 12),
(3, 20, 3, 27),
(4, 15, 4, 10),
(5, 8, 5, 16),
(6, 12, 6, 23),
(7, 3, 7, 7),
(8, 18, 8, 18),
(9, 6, 9, 4),
(10, 2, 10, 30),
(11, 14, 1, 19),
(12, 7, 2, 26),
(13, 9, 3, 14),
(14, 4, 4, 21),
(15, 11, 5, 9),
(16, 17, 6, 15),
(17, 1, 7, 22),
(18, 13, 8, 29),
(19, 16, 9, 6),
(20, 19, 10, 13),
(21, 8, 1, 3),
(22, 12, 2, 20),
(23, 5, 3, 28),
(24, 10, 4, 11),
(25, 3, 5, 17),
(26, 6, 6, 24),
(27, 2, 7, 8),
(28, 15, 8, 25),
(29, 9, 9, 2),
(30, 7, 10, 1),
(31, 11, 1, 15),
(32, 14, 2, 2),
(33, 6, 3, 20),
(34, 9, 4, 5),
(35, 4, 5, 12),
(36, 17, 6, 29),
(37, 8, 7, 6),
(38, 3, 8, 23),
(39, 1, 9, 10),
(40, 18, 10, 17),
(41, 5, 1, 24),
(42, 10, 2, 1),
(43, 12, 3, 18),
(44, 7, 4, 25),
(45, 2, 5, 3),
(46, 16, 6, 21),
(47, 13, 7, 28),
(48, 9, 8, 13),
(49, 6, 9, 19),
(50, 4, 10, 7),
(51, 15, 1, 26),
(52, 9, 2, 13),
(53, 6, 3, 20),
(54, 4, 4, 7),
(55, 12, 5, 14),
(56, 7, 6, 21),
(57, 11, 7, 28),
(58, 3, 8, 15),
(59, 16, 9, 22),
(60, 8, 10, 29),
(61, 10, 1, 16),
(62, 5, 2, 23),
(63, 14, 3, 30),
(64, 7, 4, 8),
(65, 9, 5, 15),
(66, 2, 6, 22),
(67, 12, 7, 29),
(68, 18, 8, 6),
(69, 6, 9, 13),
(70, 4, 10, 20),
(71, 11, 1, 27),
(72, 17, 2, 4),
(73, 8, 3, 11),
(74, 5, 4, 18),
(75, 3, 5, 25),
(76, 6, 6, 2),
(77, 12, 7, 9),
(78, 15, 8, 16),
(79, 9, 9, 23),
(80, 14, 10, 30),
(81, 10, 1, 17),
(82, 5, 2, 24),
(83, 11, 3, 1),
(84, 7, 4, 8),
(85, 4, 5, 15),
(86, 9, 6, 22),
(87, 13, 7, 29),
(88, 8, 8, 6),
(89, 6, 9, 13),
(90, 2, 10, 20),
(91, 10, 1, 27),
(92, 15, 2, 4),
(93, 8, 3, 11),
(94, 5, 4, 18),
(95, 3, 5, 25),
(96, 6, 6, 2),
(97, 12, 7, 9),
(98, 15, 8, 16),
(99, 9, 9, 23),
(100, 14, 10, 30),
(101, 12, 1, 9),
(102, 8, 2, 16),
(103, 5, 3, 23),
(104, 3, 4, 30),
(105, 11, 5, 7),
(106, 7, 6, 14),
(107, 10, 7, 21),
(108, 3, 8, 28),
(109, 15, 9, 5),
(110, 9, 10, 12),
(111, 6, 1, 19),
(112, 4, 2, 26),
(113, 9, 3, 3),
(114, 12, 4, 10),
(115, 7, 5, 17),
(116, 5, 6, 24),
(117, 11, 7, 1),
(118, 14, 8, 8),
(119, 8, 9, 15),
(120, 4, 10, 22),
(121, 10, 1, 29),
(122, 15, 2, 6),
(123, 9, 3, 13),
(124, 6, 4, 20),
(125, 3, 5, 27),
(126, 6, 6, 4),
(127, 12, 7, 11),
(128, 15, 8, 18),
(129, 9, 9, 25),
(130, 14, 10, 2),
(131, 10, 1, 9),
(132, 5, 2, 16),
(133, 11, 3, 23),
(134, 7, 4, 30),
(135, 4, 5, 7),
(136, 9, 6, 14),
(137, 12, 7, 21),
(138, 7, 8, 28),
(139, 15, 9, 5),
(140, 9, 10, 12),
(141, 6, 1, 19),
(142, 4, 2, 26),
(143, 9, 3, 3),
(144, 12, 4, 10),
(145, 7, 5, 17),
(146, 5, 6, 24),
(147, 11, 7, 1),
(148, 14, 8, 8),
(149, 8, 9, 15),
(150, 4, 10, 22),
(151, 10, 1, 29),
(152, 15, 2, 6),
(153, 9, 3, 13),
(154, 6, 4, 20),
(155, 3, 5, 27),
(156, 6, 6, 4),
(157, 12, 7, 11),
(158, 15, 8, 18),
(159, 9, 9, 25),
(160, 14, 10, 2),
(161, 10, 1, 9),
(162, 5, 2, 16),
(163, 11, 3, 23),
(164, 7, 4, 30),
(165, 4, 5, 7),
(166, 9, 6, 14),
(167, 12, 7, 21),
(168, 7, 8, 28),
(169, 15, 9, 5),
(170, 9, 10, 12),
(171, 6, 1, 19),
(172, 4, 2, 26),
(173, 9, 3, 3),
(174, 12, 4, 10),
(175, 7, 5, 17),
(176, 5, 6, 24),
(177, 11, 7, 1),
(178, 14, 8, 8),
(179, 8, 9, 15),
(180, 4, 10, 22),
(181, 10, 1, 29),
(182, 15, 2, 6),
(183, 9, 3, 13),
(184, 6, 4, 20),
(185, 3, 5, 27),
(186, 6, 6, 4),
(187, 12, 7, 11),
(188, 15, 8, 18),
(189, 9, 9, 25),
(190, 14, 10, 2),
(191, 10, 1, 9),
(192, 5, 2, 16),
(193, 11, 3, 23),
(194, 7, 4, 30),
(195, 4, 5, 7),
(196, 9, 6, 14),
(197, 12, 7, 21),
(198, 7, 8, 28),
(199, 15, 9, 5),
(200, 9, 10, 12);

-- Data de ventas
INSERT INTO ventas (id, fecha_venta, cliente_id, tienda_id) VALUES
(1, '2023-01-01', 10, 5),
(2, '2023-01-01', 15, 3),
(3, '2023-01-01', 5, 8),
(4, '2023-01-01', 20, 2),
(5, '2023-01-01', 25, 9),
(6, '2023-01-02', 12, 4),
(7, '2023-01-02', 18, 7),
(8, '2023-01-02', 3, 1),
(9, '2023-01-02', 8, 6),
(10, '2023-01-02', 30, 10),
(11, '2023-01-03', 7, 2),
(12, '2023-01-03', 22, 9),
(13, '2023-01-03', 14, 3),
(14, '2023-01-03', 28, 1),
(15, '2023-01-03', 16, 6),
(16, '2023-01-04', 11, 4),
(17, '2023-01-04', 19, 7),
(18, '2023-01-04', 6, 2),
(19, '2023-01-04', 13, 5),
(20, '2023-01-04', 27, 10),
(21, '2023-01-05', 4, 8),
(22, '2023-01-05', 21, 3),
(23, '2023-01-05', 9, 1),
(24, '2023-01-05', 26, 6),
(25, '2023-01-05', 17, 9),
(26, '2023-01-06', 2, 7),
(27, '2023-01-06', 24, 2),
(28, '2023-01-06', 10, 5),
(29, '2023-01-06', 29, 10),
(30, '2023-01-06', 23, 4),
(31, '2023-01-07', 1, 3),
(32, '2023-01-07', 3, 8),
(33, '2023-01-07', 7, 6),
(34, '2023-01-07', 12, 9),
(35, '2023-01-07', 18, 1),
(36, '2023-01-08', 5, 7),
(37, '2023-01-08', 20, 2),
(38, '2023-01-08', 15, 5),
(39, '2023-01-08', 28, 10),
(40, '2023-01-08', 16, 4),
(41, '2023-01-09', 6, 3),
(42, '2023-01-09', 22, 8),
(43, '2023-01-09', 14, 6),
(44, '2023-01-09', 27, 9),
(45, '2023-01-09', 16, 1),
(46, '2023-01-10', 11, 7),
(47, '2023-01-10', 19, 2),
(48, '2023-01-10', 6, 5),
(49, '2023-01-10', 13, 10),
(50, '2023-01-10', 27, 4),
(51, '2023-01-11', 4, 8),
(52, '2023-01-11', 21, 3),
(53, '2023-01-11', 9, 1),
(54, '2023-01-11', 26, 6),
(55, '2023-01-11', 17, 9),
(56, '2023-01-12', 2, 7),
(57, '2023-01-12', 24, 2),
(58, '2023-01-12', 10, 5),
(59, '2023-01-12', 29, 10),
(60, '2023-01-12', 23, 4),
(61, '2023-01-13', 1, 3),
(62, '2023-01-13', 3, 8),
(63, '2023-01-13', 7, 6),
(64, '2023-01-13', 12, 9),
(65, '2023-01-13', 18, 1),
(66, '2023-01-14', 5, 7),
(67, '2023-01-14', 20, 2),
(68, '2023-01-14', 15, 5),
(69, '2023-01-14', 28, 10),
(70, '2023-01-14', 16, 4),
(71, '2023-01-15', 11, 7),
(72, '2023-01-15', 19, 2),
(73, '2023-01-15', 6, 5),
(74, '2023-01-15', 13, 10),
(75, '2023-01-15', 27, 4),
(76, '2023-01-16', 4, 8),
(77, '2023-01-16', 21, 3),
(78, '2023-01-16', 9, 1),
(79, '2023-01-16', 26, 6),
(80, '2023-01-16', 17, 9),
(81, '2023-01-17', 2, 7),
(82, '2023-01-17', 24, 2),
(83, '2023-01-17', 10, 5),
(84, '2023-01-17', 29, 10),
(85, '2023-01-17', 23, 4),
(86, '2023-01-18', 1, 3),
(87, '2023-01-18', 3, 8),
(88, '2023-01-18', 7, 6),
(89, '2023-01-18', 12, 9),
(90, '2023-01-18', 18, 1),
(91, '2023-01-19', 5, 7),
(92, '2023-01-19', 20, 2),
(93, '2023-01-19', 15, 5),
(94, '2023-01-19', 28, 10),
(95, '2023-01-19', 16, 4),
(96, '2023-01-20', 11, 7),
(97, '2023-01-20', 19, 2),
(98, '2023-01-20', 6, 5),
(99, '2023-01-20', 13, 10),
(100, '2023-01-20', 27, 4),
(101, '2023-01-21', 4, 8),
(102, '2023-01-21', 21, 3),
(103, '2023-01-21', 9, 1),
(104, '2023-01-21', 26, 6),
(105, '2023-01-21', 17, 9),
(106, '2023-01-22', 2, 7),
(107, '2023-01-22', 24, 2),
(108, '2023-01-22', 10, 5),
(109, '2023-01-22', 29, 10),
(110, '2023-01-22', 23, 4),
(111, '2023-01-23', 1, 3),
(112, '2023-01-23', 3, 8),
(113, '2023-01-23', 7, 6),
(114, '2023-01-23', 12, 9),
(115, '2023-01-23', 18, 1),
(116, '2023-01-24', 5, 7),
(117, '2023-01-24', 20, 2),
(118, '2023-01-24', 15, 5),
(119, '2023-01-24', 28, 10),
(120, '2023-01-24', 16, 4),
(121, '2023-01-25', 11, 7),
(122, '2023-01-25', 19, 2),
(123, '2023-01-25', 6, 5),
(124, '2023-01-25', 13, 10),
(125, '2023-01-26', 27, 4),
(126, '2023-01-26', 4, 8),
(127, '2023-01-26', 21, 3),
(128, '2023-01-27', 9, 1),
(129, '2023-01-27', 26, 6),
(130, '2023-01-27', 17, 9),
(131, '2023-01-28', 2, 7),
(132, '2023-01-28', 24, 2),
(133, '2023-01-28', 10, 5),
(134, '2023-01-28', 29, 10),
(135, '2023-01-28', 23, 4),
(136, '2023-01-29', 1, 3),
(137, '2023-01-29', 3, 8),
(138, '2023-01-29', 7, 6),
(139, '2023-01-29', 12, 9),
(140, '2023-01-29', 18, 1),
(141, '2023-01-30', 5, 7),
(142, '2023-01-30', 20, 2),
(143, '2023-01-30', 15, 5),
(144, '2023-01-30', 28, 10),
(145, '2023-01-30', 16, 4),
(146, '2023-01-31', 11, 7),
(147, '2023-01-31', 19, 2),
(148, '2023-01-31', 6, 5),
(149, '2023-01-31', 13, 10),
(150, '2023-01-31', 27, 4),
(151, '2023-02-01', 4, 8),
(152, '2023-02-01', 21, 3),
(153, '2023-02-01', 9, 1),
(154, '2023-02-01', 26, 6),
(155, '2023-02-01', 17, 9),
(156, '2023-02-02', 2, 7),
(157, '2023-02-02', 24, 2),
(158, '2023-02-02', 10, 5),
(159, '2023-02-02', 29, 10),
(160, '2023-02-02', 23, 4),
(161, '2023-02-03', 1, 3),
(162, '2023-02-03', 3, 8),
(163, '2023-02-03', 7, 6),
(164, '2023-02-03', 12, 9),
(165, '2023-02-10', 18, 1),
(166, '2023-02-10', 5, 7),
(167, '2023-02-10', 20, 2),
(168, '2023-02-10', 15, 5),
(169, '2023-02-10', 28, 10),
(170, '2023-02-10', 16, 4),
(171, '2023-02-10', 11, 7),
(172, '2023-02-11', 19, 2),
(173, '2023-02-11', 6, 5),
(174, '2023-02-11', 13, 10),
(175, '2023-02-11', 27, 4),
(176, '2023-02-11', 4, 8),
(177, '2023-02-11', 21, 3),
(178, '2023-02-11', 9, 1),
(179, '2023-02-11', 26, 6),
(180, '2023-02-12', 17, 9),
(181, '2023-02-12', 2, 7),
(182, '2023-02-12', 24, 2),
(183, '2023-02-12', 10, 5),
(184, '2023-02-12', 29, 10),
(185, '2023-02-12', 23, 4),
(186, '2023-02-13', 1, 3),
(187, '2023-02-13', 3, 8),
(188, '2023-02-13', 7, 6),
(189, '2023-02-13', 12, 9),
(190, '2023-02-13', 18, 1),
(191, '2023-02-14', 5, 7),
(192, '2023-02-14', 20, 2),
(193, '2023-02-14', 15, 5),
(194, '2023-02-14', 28, 10),
(195, '2023-02-14', 16, 4),
(196, '2023-02-15', 11, 7),
(197, '2023-02-15', 19, 2),
(198, '2023-02-15', 6, 5),
(199, '2023-02-15', 13, 10),
(200, '2023-02-15', 27, 4);

-- Data de compras
INSERT INTO compras (id, fecha_compra, proveedor_id, tienda_id) VALUES
(1, '2023-01-05', 1, 1),
(2, '2023-02-07', 2, 3),
(3, '2023-03-10', 3, 4),
(4, '2023-04-15', 4, 4);
(5, '2023-04-30', 4, 2);

-- Data de compras
INSERT INTO ventas_productos (cantidad, venta_id, producto_id) VALUES
(3, 1, 1),
(2, 1, 2),
(1, 2, 3),
(4, 2, 4),
(2, 3, 5),
(1, 3, 6),
(3, 4, 7),
(2, 4, 8),
(1, 5, 9),
(4, 5, 10),
(2, 6, 11),
(1, 6, 12),
(3, 7, 13),
(2, 7, 14),
(1, 8, 15),
(4, 8, 16),
(2, 9, 17),
(1, 9, 18),
(3, 10, 19),
(2, 10, 20),
(1, 11, 21),
(4, 11, 22),
(2, 12, 23),
(1, 12, 24),
(3, 13, 25),
(2, 13, 26);
(1, 14, 27),
(4, 14, 28),
(2, 15, 29),
(1, 15, 30),
(3, 16, 31),
(2, 16, 32),
(1, 17, 33),
(4, 17, 34),
(2, 18, 35),
(1, 18, 36),
(3, 19, 37),
(2, 19, 38),
(1, 20, 39),
(4, 20, 40),
(2, 21, 41),
(1, 21, 42),
(3, 22, 43),
(2, 22, 44),
(1, 23, 45),
(4, 23, 46),
(2, 24, 47),
(1, 24, 48),
(3, 25, 49),
(2, 25, 50),
(1, 26, 51),
(4, 26, 52);
(2, 27, 53),
(1, 27, 54),
(3, 28, 55),
(2, 28, 56),
(1, 29, 57),
(4, 29, 58),
(2, 30, 59),
(1, 30, 60),
(3, 31, 61),
(2, 31, 62),
(1, 32, 63),
(4, 32, 64),
(2, 33, 65),
(1, 33, 66),
(3, 34, 67),
(2, 34, 68),
(1, 35, 69),
(4, 35, 70),
(2, 36, 71),
(1, 36, 72),
(3, 37, 73),
(1, 37, 74),
(4, 38, 75),
(2, 38, 76),
(1, 39, 77),
(3, 39, 78),
(2, 40, 79),
(1, 40, 80),
(3, 41, 81),
(2, 41, 82),
(1, 42, 83),
(4, 42, 84),
(2, 43, 85),
(1, 43, 86),
(3, 44, 87),
(2, 44, 88),
(1, 45, 89),
(4, 45, 90),
(2, 46, 91),
(1, 46, 92),
(3, 47, 93),
(2, 47, 94),
(1, 48, 95),
(4, 48, 96),
(2, 49, 97),
(1, 49, 98),
(3, 50, 99),
(2, 50, 100),
(1, 51, 1),
(4, 51, 2),
(2, 52, 3),
(1, 52, 4),
(3, 53, 5),
(2, 53, 6),
(1, 54, 7),
(4, 54, 8),
(2, 55, 9),
(1, 55, 10),
(3, 56, 11),
(2, 56, 12),
(1, 57, 13),
(4, 57, 14),
(2, 58, 15),
(1, 58, 16),
(3, 59, 17),
(2, 59, 18),
(1, 60, 19),
(4, 60, 20),
(2, 61, 21),
(1, 61, 22),
(3, 62, 23),
(2, 62, 24),
(1, 63, 25),
(4, 63, 26);
(2, 64, 27),
(1, 64, 28),
(3, 65, 29),
(2, 65, 30),
(1, 66, 31),
(4, 66, 32),
(2, 67, 33),
(1, 67, 34),
(3, 68, 35),
(2, 68, 36),
(1, 69, 37),
(4, 69, 38),
(2, 70, 39),
(1, 70, 40),
(3, 71, 41),
(2, 71, 42),
(1, 72, 43),
(4, 72, 44),
(2, 73, 45),
(1, 73, 46),
(3, 74, 47),
(2, 74, 48),
(1, 75, 49),
(4, 75, 50),
(2, 76, 51),
(1, 76, 52),
(3, 77, 53),
(2, 77, 54),
(1, 78, 55),
(4, 78, 56),
(2, 79, 57),
(1, 79, 58),
(3, 80, 59),
(2, 80, 60),
(1, 81, 61),
(4, 81, 62),
(2, 82, 63),
(1, 82, 64),
(3, 83, 65),
(2, 83, 66),
(1, 84, 67),
(4, 84, 68),
(2, 85, 69),
(1, 85, 70),
(3, 86, 71),
(1, 87, 73),
(4, 87, 74),
(2, 88, 75),
(1, 88, 76),
(3, 89, 77),
(2, 89, 78),
(1, 90, 79),
(4, 90, 80),
(2, 91, 81),
(1, 91, 82),
(3, 92, 83),
(2, 92, 84),
(1, 93, 85),
(4, 93, 86),
(2, 94, 87),
(1, 94, 88),
(3, 95, 89),
(2, 95, 90),
(1, 96, 91),
(4, 96, 92),
(2, 97, 93),
(1, 97, 94),
(3, 98, 95),
(2, 98, 96),
(1, 99, 97),
(2, 100, 99),
(1, 100, 100),
(3, 101, 1),
(2, 101, 2),
(1, 102, 3),
(4, 102, 4),
(2, 103, 5),
(1, 103, 6),
(3, 104, 7),
(2, 104, 8),
(1, 105, 9),
(4, 105, 10),
(2, 106, 11),
(1, 106, 12),
(3, 107, 13),
(2, 107, 14),
(1, 108, 15),
(4, 108, 16),
(2, 109, 17),
(1, 109, 18);

INSERT INTO compras_productos (cantidad, compra_id, producto_id) VALUES
(3, 1, 1),
(2, 1, 2),
(1, 1, 3),
(4, 1, 4),
(2, 1, 5),
(1, 1, 6),
(3, 1, 7),
(2, 1, 8),
(1, 1, 9),
(4, 1, 10),
(2, 1, 11),
(1, 1, 12),
(3, 1, 13),
(2, 1, 14),
(1, 1, 15),
(4, 1, 16),
(2, 1, 17),
(1, 1, 18),
(3, 1, 19),
(2, 1, 20),
(1, 2, 21),
(4, 2, 22),
(2, 2, 23),
(1, 2, 24),
(3, 2, 25),
(2, 2, 26),
(1, 2, 27),
(4, 2, 28),
(2, 2, 29),
(1, 2, 30),
(3, 2, 31),
(2, 2, 32),
(1, 2, 33),
(4, 2, 34),
(2, 2, 35),
(1, 2, 36),
(3, 2, 37),
(2, 2, 38),
(1, 2, 39),
(4, 2, 40),
(2, 3, 41),
(1, 3, 42),
(3, 3, 43),
(2, 3, 44),
(1, 3, 45),
(4, 3, 46),
(2, 3, 47),
(1, 3, 48),
(3, 3, 49),
(2, 3, 50),
(1, 3, 51),
(4, 3, 52),
(2, 3, 53),
(1, 3, 54),
(3, 3, 55),
(2, 3, 56),
(1, 3, 57),
(4, 3, 58),
(2, 3, 59),
(1, 3, 60),
(3, 4, 61),
(2, 4, 62),
(1, 4, 63),
(4, 4, 64),
(2, 4, 65),
(1, 4, 66),
(3, 4, 67),
(2, 4, 68),
(1, 4, 69),
(4, 4, 70),
(11, 5, 71),
(22, 5, 72),
(33, 5, 73),
(14, 5, 74),
(25, 5, 75),
(16, 5, 76),
(5, 5, 77),
(28, 5, 78),
(19, 5, 79),
(6, 5, 80),
(60, 5, 81),
(62, 5, 82),
(60, 5, 83),
(64, 5, 84),
(3, 5, 85),
(36, 5, 86),
(27, 5, 87),
(18, 5, 88),
(20, 5, 89),
(30, 5, 90);
(21, 5, 91),
(30, 5, 92),
(13, 5, 93),
(24, 5, 94),
(15, 5, 95),
(26, 5, 96),
(30, 5, 97),
(28, 5, 98),
(19, 5, 99),
(32, 5, 100),
(31, 5, 21),
(20, 5, 22),
(13, 5, 23),
(20, 5, 24),
(15, 5, 25),
(53, 5, 26),
(37, 5, 27),
(20, 5, 28),
(20, 5, 29),
(10, 5, 30);









